StudyID,trace_id
Study 10,15d420fb0a9dccb7de553139975a1be8f656e8a0689faf703f7685ccfe9c00d8
Study 11,d0ada36d066caa3009634c1b9d985ec82a00cf77bed909852fd904c197ef9be6
Study 13,82ef8512bf8c8bf94fc5e4ca078fca5059f6fc16a3dd13e8c8aae9071c4aae09
Study 14,c78647ac977f7e734e6020b34dc29517fa3427975bd149cad9cb3189b190e89e
Study 15,01f09741bf1830e74fa89fcab8049a6e9f67b56d0ff57e26765b88932313b527
Study 16,84fb6f3e7af530332e3197f3f810bbaefef13d4d73144c8787486cea5f0a4dd7
Study 17,8b7bea26b877c597e6d8876f3e409b0668a4775eb3851d3c1ecaf80e18e2e92a
Study 18,2f545662a3775810c3f1a9522ca2f3622a2cc0ddd68da33ec8323f34fd16b737
Study 19,248ba73915c13a452f7c5b8fb71313888c844a2068cdf064a1f93bf206fa0263
Study 1,0076c7537757b42d209730f845942758d60191b586cd26ef808e9c81b788b34a
Study 20,a6c5cd1bf69aec5f6cb0ac548a6a91ef8e70bf5599012c4b187801f5c2ac09f6
Study 21,65f925ce88e966c244f5d38f0e1c3d18a89d0a4643be3375f2455c6a7f041731
Study 22,76c2c098864ec34a7e8e6ddc98bd8c8420abde6d40a080a030276383858db9fc
Study 23,f61952137cc11902cb2d1a76ff770ac7a1c3feac4cb1ac0b6d493f2406578650
Study 24,a19e668a01cb4f4db8b6058bddfc678e56fb2220121b3674f8989022f7c79d5e
Study 25,688ae192c3c18598dc4044d90d631fb225306d216810f6e455b91ea3ba01f6de
Study 2,4a8ccb78bd4525e4a9e58e2a1dc02e3a866c4a176aab86b679c075136fc805c2
Study 4,7b823dba373c74ad81059f9469aebd6b24873fefd0e1272f2e1d5f1bc2a3eea8
Study 5,d2851d5c14ff2eabe9bd40925abbec6070e5f8bb99c2ff91e8f0070cab305aa5
Study 6,c0c5eb87ebf7d314093f386938879d0ba9f25fe1287b37dc05b75df136313dc7
Study 7,b165d37d5a34f1b1fbab85ba3d2b5b9e9ecc911931b122dd6eabe389441dc114
Study 8,c016118eeb1c79512c14c6e93e77eef5af101bef2dcb35c3fb6105c36aa86a3e
Study 9,128b3a5f7eefea914d734a808cd05a319b80dea2d7847e1d85cd5219c3d7ee15
